epoch,Train_loss,Test_loss
1,0.005187060683965683,0.00662156892940402
